alpha,eval/episode_length,eval/episode_length_std,eval/normalized_episode_reward,eval/normalized_episode_reward_std,loss/actor,loss/alpha,loss/critic1,loss/critic2,timestep
0.9876126883029935,800.0,0.0,-9.132118119402712,-9.309729713012132,-2.819053082942963,-0.040352276183548356,11.33832237243652,11.284348297119127,250
0.9637799260616301,800.0,0.0,-5.6295300825177605,-4.306323305559361,-2.4616299772262566,-0.11629952090978632,9.78759454345703,9.738231616973867,500
0.9400149767398839,800.0,0.0,-9.646983780471869,-9.097648221295952,-2.6010226192474364,-0.1940836609601973,9.56245360183717,9.5661510734558,750
0.9172826747894273,800.0,0.0,-7.9937789136486925,-8.186965483471374,-2.645763342857365,-0.26729803627729426,9.196782829284674,9.208704326629638,1000
0.8951622018814085,800.0,0.0,-6.30820769482934,-4.790591147945295,-2.57264001178741,-0.33898854792118077,9.051638833999645,9.01804767227173,1250
0.8736339051723485,800.0,0.0,-7.857342102398679,-8.69283437247515,-2.4169068102836597,-0.40765594458580034,8.897689010620129,8.826964427947996,1500
0.8526988410949706,800.0,0.0,-8.12126678311536,-8.789198023141847,-2.137998720169067,-0.4752514059543612,8.741220920562736,8.622267663955686,1750
0.8323048048019411,800.0,0.0,-4.963416393912458,-4.817660550531917,-1.7999501614570632,-0.5426741951704032,8.730315513610853,8.576490360260012,2000
0.8124286186695101,800.0,0.0,-9.485543865634154,-9.86829751047091,-1.3176613696813588,-0.6048675096034999,8.620821098327632,8.458006229400649,2250
